{
    "__comment": "Model generated using MrCrayfish's Model Creator (http://mrcrayfish.com/modelcreator/)",
"ambientocclusion": false,
    "textures": {
        "0": "biomesoplenty:blocks/bluemilkcap_3d",
        "particle": "biomesoplenty:blocks/bluemilkcap_3d"
    },
    "elements": [
        {
            "name": "Element",
            "from": [ 5.0, -0.5, 6.0 ], 
            "to": [ 6.5, 2.5, 7.5 ], 
            "faces": {
                "north": { "texture": "#0", "uv": [ 8.0, 0.0, 10.0, 3.0 ] },
                "east": { "texture": "#0", "uv": [ 8.0, 0.0, 10.0, 3.0 ] },
                "south": { "texture": "#0", "uv": [ 8.0, 0.0, 10.0, 3.0 ] },
                "west": { "texture": "#0", "uv": [ 8.0, 0.0, 10.0, 3.0 ] }
            }
        },
        {
            "name": "Element",
            "from": [ 4.3, 2.5, 5.3 ], 
            "to": [ 7.3, 4.5, 8.3 ], 
            "faces": {
                "north": { "texture": "#0", "uv": [ 10.0, 1.0, 16.0, 4.0 ] },
                "east": { "texture": "#0", "uv": [ 10.0, 0.0, 16.0, 3.0 ] },
                "south": { "texture": "#0", "uv": [ 10.0, 2.0, 16.0, 5.0 ] },
                "west": { "texture": "#0", "uv": [ 10.0, 2.0, 16.0, 5.0 ] },
                "up": { "texture": "#0", "uv": [ 2.0, 10.0, 7.0, 15.0 ] },
                "down": { "texture": "#0", "uv": [ 2.0, 2.0, 6.5, 6.5 ] }
            }
        }
    ]
}