{
    "__comment": "Model generated using MrCrayfish's Model Creator (http://mrcrayfish.com/modelcreator/)",
"ambientocclusion": false,
    "textures": {
        "0": "blocks/plants/mushroom_brown",
        "particle": "blocks/plants/mushroom_brown"
    },
    "elements": [
        {
            "name": "Element",
            "from": [ 3.5, 4.0, 3.5 ], 
            "to": [ 10.5, 5.0, 10.5 ], 
            "faces": {
                "north": { "texture": "#0", "uv": [ 8.5, 9.5, 14.5, 11.0 ] },
                "east": { "texture": "#0", "uv": [ 8.5, 13.0, 14.5, 14.5 ] },
                "south": { "texture": "#0", "uv": [ 8.5, 9.5, 14.5, 11.0 ] },
                "west": { "texture": "#0", "uv": [ 8.5, 13.0, 14.5, 14.5 ] },
                "up": { "texture": "#0", "uv": [ 8.5, 1.0, 14.5, 7.0 ] },
                "down": { "texture": "#0", "uv": [ 1.0, 1.0, 7.0, 7.0 ] }
            }
        },
        {
            "name": "Element",
            "from": [ 6.0, -1.0, 6.0 ], 
            "to": [ 8.0, 4.0, 8.0 ], 
            "faces": {
                "north": { "texture": "#0", "uv": [ 4.0, 7.5, 6.0, 12.0 ] },
                "east": { "texture": "#0", "uv": [ 2.0, 7.5, 4.0, 12.0 ] },
                "south": { "texture": "#0", "uv": [ 4.0, 11.5, 6.0, 16.0 ] },
                "west": { "texture": "#0", "uv": [ 2.0, 11.5, 4.0, 16.0 ] }
            }
        }
    ]
}