{
    "__createdwith": "opl's Model Creator",
    "ambientocclusion": false,
    "textures": {
        "cactus_a": "blocks/cactus_side",
        "cactus_top": "biomesoplenty:blocks/cactus_top",
        "spines": "blocks/plants/cactus_pot_spines",
        "particle": "blocks/cactus_side",
        "cactus_b": "blocks/cactus_side2"
    },
    "elements": [
        {
            "from": [6,0,6],
            "to": [10,9,10],
            "faces": {
                "up": {
                    "uv": [3.5,3.5,7.5,7.5],
                    "texture": "#cactus_top"
                },
                "west": {
                    "uv": [8.0,0.0,12.0,16.0],
                    "texture": "#cactus_a"
                },
                "east": {
                    "uv": [3.5,0.0,7.5,16.0],
                    "texture": "#cactus_a"
                },
                "north": {
                    "uv": [3.5,0.0,7.5,16.0],
                    "texture": "#cactus_b"
                },
                "south": {
                    "uv": [8.0,0.0,12.0,16.0],
                    "texture": "#cactus_b"
                }
            }
        },
        {
            "from": [8,0,5],
            "to": [8,9,11],
            "faces": {
                "west": {
                    "uv": [0,6,6,16],
                    "texture": "#spines"
                },
                "east": {
                    "uv": [6,6,0,16],
                    "texture": "#spines"
                }
            }
        },
        {
            "from": [5,0,8],
            "to": [11,9,8],
            "faces": {
                "north": {
                    "uv": [10,6,16,16],
                    "texture": "#spines"
                },
                "south": {
                    "uv": [16,6,10,16],
                    "texture": "#spines"
                }
            }
        },
        {
            "from": [5,2.5,5],
            "to": [11,7.5,11],
            "faces": {
                "up": {
                    "uv": [2.5,2.5,8.5,8.5],
                    "texture": "#cactus_top"
                },
                "down": {
                    "uv": [7.5,3.5,12.5,8.5],
                    "texture": "#cactus_top"
                },
                "west": {
                    "uv": [3.0,7.0,8.0,13.0],
                    "texture": "#cactus_b"
                },
                "east": {
                    "uv": [3.0,9.5,8.0,15.5],
                    "texture": "#cactus_b"
                },
                "north": {
                    "uv": [7.5,0.0,12.5,6.0],
                    "texture": "#cactus_a"
                },
                "south": {
                    "uv": [7.5,9.0,12.5,15.0],
                    "texture": "#cactus_a"
                }
            }
        },
        {
            "from": [4,2.5,8],
            "to": [12,7.5,8],
            "faces": {
                "north": {
                    "uv": [4.5,0,11.5,5],
                    "texture": "#spines"
                },
                "south": {
                    "uv": [11.5,0,4.5,5],
                    "texture": "#spines"
                }
            }
        },
        {
            "from": [8,2.5,4],
            "to": [8,7.5,12],
            "faces": {
                "west": {
                    "uv": [11.5,5,4.5,0],
                    "texture": "#spines"
                },
                "east": {
                    "uv": [4.5,5,11.5,0],
                    "texture": "#spines"
                }
            }
        }
    ]
}