{
    "__comment": "Model generated using MrCrayfish's Model Creator (http://mrcrayfish.com/modelcreator/)",
"ambientocclusion": false,
    "textures": {
            "0": "biomesoplenty:blocks/toadstool_3d",
            "particle": "biomesoplenty:blocks/toadstool_3d"
    },
    "elements": [
        {
            "name": "Element",
            "from": [ 4.5, 6.0, 3.5 ], 
            "to": [ 9.5, 9.5, 8.5 ], 
            "faces": {
                "north": { "texture": "#0", "uv": [ 8.5, 8.5, 14.0, 11.5 ] },
                "east": { "texture": "#0", "uv": [ 9.5, 12.0, 15.0, 15.0 ] },
                "south": { "texture": "#0", "uv": [ 9.5, 8.5, 15.0, 11.5 ] },
                "west": { "texture": "#0", "uv": [ 8.5, 12.0, 14.0, 15.0 ] },
                "up": { "texture": "#0", "uv": [ 9.0, 1.5, 14.5, 7.0 ] },
                "down": { "texture": "#0", "uv": [ 1.0, 1.0, 7.0, 7.0 ] }
            }
        },
        {
            "name": "Element",
            "from": [ 6.0, 0.0, 5.0 ], 
            "to": [ 8.0, 6.0, 7.0 ], 
            "faces": {
                "north": { "texture": "#0", "uv": [ 4.0, 8.0, 6.0, 15.0 ] },
                "east": { "texture": "#0", "uv": [ 2.0, 8.0, 4.0, 15.0 ] },
                "south": { "texture": "#0", "uv": [ 4.0, 8.0, 6.0, 15.0 ] },
                "west": { "texture": "#0", "uv": [ 2.0, 8.0, 4.0, 15.0 ] }
            }
        }
    ]
}