{
    "__comment": "Model generated using MrCrayfish's Model Creator (http://mrcrayfish.com/modelcreator/)",
    "textures": {
        "particle": "blocks/iron_bars_h",
		"0": "blocks/iron_bars_h",
        "1": "blocks/iron_bars_v"
    },
    "elements": [
        {
            "name": "Top",
            "from": [ 0.0, 7.0, 0.0 ], 
            "to": [ 16.0, 9.0, 0.5 ], 
            "faces": {
                "north": { "texture": "#0", "uv": [ 0.0, 0.0, 16.0, 2.0 ] },
                "east": { "texture": "#0", "uv": [ 1.0, 3.0, 1.5, 5.0 ] },
                "south": { "texture": "#0", "uv": [ 0.0, 6.0, 16.0, 8.0 ] },
                "west": { "texture": "#0", "uv": [ 5.0, 3.0, 5.5, 5.0 ] },
                "up": { "texture": "#0", "uv": [ 0.0, 2.0, 16.0, 2.5 ] },
                "down": { "texture": "#0", "uv": [ 0.0, 9.0, 16.0, 9.5 ] }
            }
        },
        {
            "name": "Bottom",
            "from": [ 0.0, 7.0, 15.5 ], 
            "to": [ 16.0, 9.0, 16.0 ], 
            "faces": {
                "north": { "texture": "#0", "uv": [ 0.0, 6.0, 16.0, 8.0 ] },
                "east": { "texture": "#0", "uv": [ 10.0, 3.0, 10.5, 5.0 ] },
                "south": { "texture": "#0", "uv": [ 0.0, 0.0, 16.0, 2.0 ] },
                "west": { "texture": "#0", "uv": [ 3.0, 9.0, 3.5, 11.0 ] },
                "up": { "texture": "#0", "uv": [ 0.0, 1.0, 16.0, 1.5 ] },
                "down": { "texture": "#0", "uv": [ 0.0, 4.0, 16.0, 4.5 ] }
            }
        },
        {
            "name": "Left",
            "from": [ 2.0, 7.2, 0.5 ], 
            "to": [ 3.5, 8.7, 15.5 ], 
            "faces": {
                "east": { "texture": "#1", "uv": [ 0.0, 0.5, 1.5, 15.5 ], "rotation": 90 },
                "west": { "texture": "#1", "uv": [ 2.0, 0.5, 3.5, 15.5 ], "rotation": 270 },
                "up": { "texture": "#1", "uv": [ 4.0, 0.5, 5.5, 15.5 ] },
                "down": { "texture": "#1", "uv": [ 6.0, 0.5, 7.5, 15.5 ], "rotation": 180 }
            }
        },
        {
            "name": "Right",
            "from": [ 12.5, 7.25, 0.5 ], 
            "to": [ 14.0, 8.75, 15.5 ], 
            "faces": {
                "east": { "texture": "#1", "uv": [ 7.0, 0.5, 8.5, 15.5 ], "rotation": 90 },
                "west": { "texture": "#1", "uv": [ 9.0, 0.5, 10.5, 15.5 ], "rotation": 270 },
                "up": { "texture": "#1", "uv": [ 11.0, 0.5, 12.5, 15.5 ] },
                "down": { "texture": "#1", "uv": [ 13.0, 0.5, 14.5, 15.5 ], "rotation": 180 }
            }
        },
        {
            "name": "Center",
            "from": [ 7.2, 7.25, 0.5 ], 
            "to": [ 8.7, 8.75, 15.5 ], 
            "faces": {
                "east": { "texture": "#1", "uv": [ 10.0, 0.5, 11.5, 15.5 ], "rotation": 90 },
                "west": { "texture": "#1", "uv": [ 8.0, 0.5, 9.5, 15.5 ], "rotation": 270 },
                "up": { "texture": "#1", "uv": [ 6.0, 0.5, 7.5, 15.5 ] },
                "down": { "texture": "#1", "uv": [ 4.0, 0.5, 5.5, 15.5 ], "rotation": 180 }
            }
        }
    ]
}