{
	"credit": "Made with Blockbench",
	"ambientocclusion": false,
	"textures": {
		"4": "blocks/oak_leaves/leaves_oak_05",
		"5": "blocks/oak_leaves/leaves_oak_06",
		"main": "blocks/oak_leaves/leaves_oak_01",
		"particle": "blocks/oak_leaves/leaves_oak_01"
	},
	"elements": [
		{
			"from": [2, 9, -2],
			"to": [24, 9, 20],
			"shade": false,
			"rotation": {"angle": -45, "axis": "z", "origin": [8, 6, 8]},
			"faces": {
				"north": {"uv": [0, 0, 0, 0], "texture": "null"},
				"east": {"uv": [0, 0, 0, 0], "rotation": 180, "texture": "null"},
				"south": {"uv": [0, 0, 0, 0], "texture": "null"},
				"west": {"uv": [0, 0, 0, 0], "rotation": 180, "texture": "null"},
				"up": {"uv": [0, 0, 16, 16], "rotation": 90, "texture": "#4", "tintindex": -1},
				"down": {"uv": [0, 16, 16, 0], "rotation": 270, "texture": "#4", "tintindex": -1}
			}
		},
		{
			"from": [-8, 9, -4],
			"to": [14, 9, 18],
			"shade": false,
			"rotation": {"angle": 45, "axis": "z", "origin": [8, 6, 8]},
			"faces": {
				"north": {"uv": [0, 0, 0, 0], "texture": "null"},
				"east": {"uv": [0, 0, 0, 0], "rotation": 180, "texture": "null"},
				"south": {"uv": [0, 0, 0, 0], "texture": "null"},
				"west": {"uv": [0, 0, 0, 0], "rotation": 180, "texture": "null"},
				"up": {"uv": [0, 0, 16, 16], "rotation": 270, "texture": "#4", "tintindex": -1},
				"down": {"uv": [0, 16, 16, 0], "rotation": 90, "texture": "#4", "tintindex": -1}
			}
		},
		{
			"from": [-4, 9, 2],
			"to": [18, 9, 24],
			"shade": false,
			"rotation": {"angle": 45, "axis": "x", "origin": [8, 6, 8]},
			"faces": {
				"north": {"uv": [0, 0, 0, 0], "rotation": 180, "texture": "null"},
				"east": {"uv": [0, 0, 0, 0], "texture": "null"},
				"south": {"uv": [0, 0, 0, 0], "rotation": 180, "texture": "null"},
				"west": {"uv": [0, 0, 0, 0], "texture": "null"},
				"up": {"uv": [0, 0, 16, 16], "rotation": 180, "texture": "#4", "tintindex": -1},
				"down": {"uv": [0, 16, 16, 0], "rotation": 180, "texture": "#4", "tintindex": -1}
			}
		},
		{
			"from": [-2, 9, -8],
			"to": [20, 9, 14],
			"shade": false,
			"rotation": {"angle": -45, "axis": "x", "origin": [8, 6, 8]},
			"faces": {
				"north": {"uv": [0, 0, 0, 0], "rotation": 180, "texture": "null"},
				"east": {"uv": [0, 0, 0, 0], "texture": "null"},
				"south": {"uv": [0, 0, 0, 0], "rotation": 180, "texture": "null"},
				"west": {"uv": [0, 0, 0, 0], "texture": "null"},
				"up": {"uv": [0, 0, 16, 16], "texture": "#4", "tintindex": -1},
				"down": {"uv": [0, 16, 16, 0], "texture": "#4", "tintindex": -1}
			}
		},
		{
			"from": [-11, 19, -6],
			"to": [11, 19, 16],
			"shade": false,
			"rotation": {"angle": 45, "axis": "z", "origin": [8, 16, 8]},
			"faces": {
				"north": {"uv": [0, 0, 0, 0], "texture": "null"},
				"east": {"uv": [0, 0, 0, 0], "rotation": 180, "texture": "null"},
				"south": {"uv": [0, 0, 0, 0], "texture": "null"},
				"west": {"uv": [0, 0, 0, 0], "rotation": 180, "texture": "null"},
				"up": {"uv": [0, 0, 16, 16], "rotation": 180, "texture": "#5", "tintindex": -1},
				"down": {"uv": [0, 16, 16, 0], "rotation": 180, "texture": "#5", "tintindex": -1}
			}
		},
		{
			"from": [0, -3, 5],
			"to": [22, 19, 5],
			"shade": false,
			"rotation": {"angle": 45, "axis": "x", "origin": [8, 16, 8]},
			"faces": {
				"north": {"uv": [0, 0, 16, 16], "rotation": 90, "texture": "#5", "tintindex": -1},
				"east": {"uv": [0, 0, 0, 0], "rotation": 90, "texture": "null"},
				"south": {"uv": [0, 16, 16, 0], "rotation": 90, "texture": "#5", "tintindex": -1},
				"west": {"uv": [0, 0, 0, 0], "rotation": 270, "texture": "null"},
				"up": {"uv": [0, 0, 0, 0], "rotation": 180, "texture": "null"},
				"down": {"uv": [0, 0, 0, 0], "texture": "null"}
			}
		},
		{
			"from": [5, 19, 0],
			"to": [27, 19, 22],
			"shade": false,
			"rotation": {"angle": -45, "axis": "z", "origin": [8, 16, 8]},
			"faces": {
				"north": {"uv": [0, 0, 0, 0], "texture": "null"},
				"east": {"uv": [0, 0, 0, 0], "texture": "null"},
				"south": {"uv": [0, 0, 0, 0], "texture": "null"},
				"west": {"uv": [0, 0, 0, 0], "texture": "null"},
				"up": {"uv": [0, 0, 16, 16], "texture": "#5", "tintindex": -1},
				"down": {"uv": [0, 16, 16, 0], "texture": "#5", "tintindex": -1}
			}
		},
		{
			"from": [-6, 19, 5],
			"to": [16, 19, 27],
			"shade": false,
			"rotation": {"angle": 45, "axis": "x", "origin": [8, 16, 8]},
			"faces": {
				"north": {"uv": [0, 0, 0, 0], "rotation": 180, "texture": "null"},
				"east": {"uv": [0, 0, 0, 0], "texture": "null"},
				"south": {"uv": [0, 0, 0, 0], "rotation": 180, "texture": "null"},
				"west": {"uv": [0, 0, 0, 0], "texture": "null"},
				"up": {"uv": [0, 0, 16, 16], "rotation": 90, "texture": "#5", "tintindex": -1},
				"down": {"uv": [0, 16, 16, 0], "rotation": 270, "texture": "#5", "tintindex": -1}
			}
		},
		{
			"from": [2, 8, -6],
			"to": [24, 8, 16],
			"shade": false,
			"rotation": {"angle": 45, "axis": "z", "origin": [8, 7, 8]},
			"faces": {
				"north": {"uv": [0, 0, 0, 0], "rotation": 180, "texture": "null"},
				"east": {"uv": [0, 0, 0, 0], "texture": "null"},
				"south": {"uv": [0, 0, 0, 0], "rotation": 180, "texture": "null"},
				"west": {"uv": [0, 0, 0, 0], "texture": "null"},
				"up": {"uv": [0, 0, 16, 16], "texture": "#main", "tintindex": -1},
				"down": {"uv": [0, 16, 16, 0], "texture": "#main", "tintindex": -1}
			}
		},
		{
			"from": [-6, 8, -8],
			"to": [16, 8, 14],
			"shade": false,
			"rotation": {"angle": 45, "axis": "x", "origin": [8, 7, 8]},
			"faces": {
				"north": {"uv": [0, 0, 0, 0], "texture": "null"},
				"east": {"uv": [0, 0, 0, 0], "rotation": 180, "texture": "null"},
				"south": {"uv": [0, 0, 0, 0], "texture": "null"},
				"west": {"uv": [0, 0, 0, 0], "rotation": 180, "texture": "null"},
				"up": {"uv": [0, 0, 16, 16], "rotation": 270, "texture": "#main", "tintindex": -1},
				"down": {"uv": [0, 16, 16, 0], "rotation": 90, "texture": "#main", "tintindex": -1}
			}
		},
		{
			"from": [-8, 8, 0],
			"to": [14, 8, 22],
			"shade": false,
			"rotation": {"angle": -45, "axis": "z", "origin": [8, 7, 8]},
			"faces": {
				"north": {"uv": [0, 0, 0, 0], "rotation": 180, "texture": "null"},
				"east": {"uv": [0, 0, 0, 0], "texture": "null"},
				"south": {"uv": [0, 0, 0, 0], "rotation": 180, "texture": "null"},
				"west": {"uv": [0, 0, 0, 0], "texture": "null"},
				"up": {"uv": [0, 0, 16, 16], "rotation": 180, "texture": "#main", "tintindex": -1},
				"down": {"uv": [0, 16, 16, 0], "rotation": 180, "texture": "#main", "tintindex": -1}
			}
		},
		{
			"from": [0, 8, 2],
			"to": [22, 8, 24],
			"shade": false,
			"rotation": {"angle": -45, "axis": "x", "origin": [8, 7, 8]},
			"faces": {
				"north": {"uv": [0, 0, 0, 0], "texture": "null"},
				"east": {"uv": [0, 0, 0, 0], "texture": "null"},
				"south": {"uv": [0, 0, 0, 0], "texture": "null"},
				"west": {"uv": [0, 0, 0, 0], "texture": "null"},
				"up": {"uv": [0, 0, 16, 16], "rotation": 90, "texture": "#main", "tintindex": -1},
				"down": {"uv": [0, 16, 16, 0], "rotation": 270, "texture": "#main", "tintindex": -1}
			}
		}
	],
	"display": {
		"thirdperson_righthand": {
			"scale": [0.5, 0.5, 0.5]
		},
		"thirdperson_lefthand": {
			"scale": [0.5, 0.5, 0.5]
		},
		"firstperson_righthand": {
			"scale": [0.5, 0.5, 0.5]
		},
		"firstperson_lefthand": {
			"scale": [0.5, 0.5, 0.5]
		}
	}
}