{
	"credit": "Made with Blockbench",
	"ambientocclusion": false,
	"textures": {
		"4": "blocks/oak_leaves/leaves_oak_05",
		"main": "blocks/oak_leaves/leaves_oak_01",
		"particle": "blocks/oak_leaves/leaves_oak_01"
	},
	"elements": [
		{
			"from": [3, 10, -1],
			"to": [25, 10, 21],
			"shade": false,
			"rotation": {"angle": -45, "axis": "z", "origin": [8, 6, 8]},
			"faces": {
				"north": {"uv": [0, 0, 0, 0], "texture": "null"},
				"east": {"uv": [0, 0, 0, 0], "rotation": 180, "texture": "null"},
				"south": {"uv": [0, 0, 0, 0], "texture": "null"},
				"west": {"uv": [0, 0, 0, 0], "rotation": 180, "texture": "null"},
				"up": {"uv": [0, 0, 16, 16], "rotation": 180, "texture": "#4", "tintindex": -1},
				"down": {"uv": [0, 16, 16, 0], "rotation": 180, "texture": "#4", "tintindex": -1}
			}
		},
		{
			"from": [-9, 10, -5],
			"to": [13, 10, 17],
			"shade": false,
			"rotation": {"angle": 45, "axis": "z", "origin": [8, 6, 8]},
			"faces": {
				"north": {"uv": [0, 0, 0, 0], "texture": "null"},
				"east": {"uv": [0, 0, 0, 0], "rotation": 180, "texture": "null"},
				"south": {"uv": [0, 0, 0, 0], "texture": "null"},
				"west": {"uv": [0, 0, 0, 0], "rotation": 180, "texture": "null"},
				"up": {"uv": [0, 0, 16, 16], "texture": "#4", "tintindex": -1},
				"down": {"uv": [0, 16, 16, 0], "texture": "#4", "tintindex": -1}
			}
		},
		{
			"from": [-5, 10, 3],
			"to": [17, 10, 25],
			"shade": false,
			"rotation": {"angle": 45, "axis": "x", "origin": [8, 6, 8]},
			"faces": {
				"north": {"uv": [0, 0, 0, 0], "rotation": 180, "texture": "null"},
				"east": {"uv": [0, 0, 0, 0], "texture": "null"},
				"south": {"uv": [0, 0, 0, 0], "rotation": 180, "texture": "null"},
				"west": {"uv": [0, 0, 0, 0], "texture": "null"},
				"up": {"uv": [0, 0, 16, 16], "rotation": 270, "texture": "#4", "tintindex": -1},
				"down": {"uv": [0, 16, 16, 0], "rotation": 90, "texture": "#4", "tintindex": -1}
			}
		},
		{
			"from": [-1, 10, -9],
			"to": [21, 10, 13],
			"shade": false,
			"rotation": {"angle": -45, "axis": "x", "origin": [8, 6, 8]},
			"faces": {
				"north": {"uv": [0, 0, 0, 0], "rotation": 180, "texture": "null"},
				"east": {"uv": [0, 0, 0, 0], "texture": "null"},
				"south": {"uv": [0, 0, 0, 0], "rotation": 180, "texture": "null"},
				"west": {"uv": [0, 0, 0, 0], "texture": "null"},
				"up": {"uv": [0, 0, 16, 16], "rotation": 90, "texture": "#4", "tintindex": -1},
				"down": {"uv": [0, 16, 16, 0], "rotation": 270, "texture": "#4", "tintindex": -1}
			}
		},
		{
			"from": [-12, 18, -4],
			"to": [10, 18, 18],
			"shade": false,
			"rotation": {"angle": 45, "axis": "z", "origin": [8, 17, 8]},
			"faces": {
				"north": {"uv": [0, 0, 0, 0], "texture": "null"},
				"east": {"uv": [0, 0, 0, 0], "rotation": 180, "texture": "null"},
				"south": {"uv": [0, 0, 0, 0], "texture": "null"},
				"west": {"uv": [0, 0, 0, 0], "rotation": 180, "texture": "null"},
				"up": {"uv": [0, 0, 16, 16], "rotation": 270, "texture": "#4", "tintindex": -1},
				"down": {"uv": [0, 16, 16, 0], "rotation": 90, "texture": "#4", "tintindex": -1}
			}
		},
		{
			"from": [-2, -3, 7],
			"to": [20, 19, 7],
			"shade": false,
			"rotation": {"angle": 45, "axis": "x", "origin": [8, 17, 8]},
			"faces": {
				"north": {"uv": [0, 0, 16, 16], "rotation": 180, "texture": "#4", "tintindex": -1},
				"east": {"uv": [0, 0, 0, 0], "rotation": 90, "texture": "null"},
				"south": {"uv": [0, 16, 16, 0], "texture": "#4", "tintindex": -1},
				"west": {"uv": [0, 0, 0, 0], "rotation": 270, "texture": "null"},
				"up": {"uv": [0, 0, 0, 0], "rotation": 180, "texture": "null"},
				"down": {"uv": [0, 0, 0, 0], "texture": "null"}
			}
		},
		{
			"from": [6, 18, -2],
			"to": [28, 18, 20],
			"shade": false,
			"rotation": {"angle": -45, "axis": "z", "origin": [8, 17, 8]},
			"faces": {
				"north": {"uv": [0, 0, 0, 0], "texture": "null"},
				"east": {"uv": [0, 0, 0, 0], "texture": "null"},
				"south": {"uv": [0, 0, 0, 0], "texture": "null"},
				"west": {"uv": [0, 0, 0, 0], "texture": "null"},
				"up": {"uv": [0, 0, 16, 16], "rotation": 90, "texture": "#4", "tintindex": -1},
				"down": {"uv": [0, 16, 16, 0], "rotation": 270, "texture": "#4", "tintindex": -1}
			}
		},
		{
			"from": [-4, 18, 6],
			"to": [18, 18, 28],
			"shade": false,
			"rotation": {"angle": 45, "axis": "x", "origin": [8, 17, 8]},
			"faces": {
				"north": {"uv": [0, 0, 0, 0], "rotation": 180, "texture": "null"},
				"east": {"uv": [0, 0, 0, 0], "texture": "null"},
				"south": {"uv": [0, 0, 0, 0], "rotation": 180, "texture": "null"},
				"west": {"uv": [0, 0, 0, 0], "texture": "null"},
				"up": {"uv": [0, 0, 16, 16], "rotation": 180, "texture": "#4", "tintindex": -1},
				"down": {"uv": [0, 16, 16, 0], "rotation": 180, "texture": "#4", "tintindex": -1}
			}
		},
		{
			"from": [0, 10, -4],
			"to": [22, 10, 18],
			"shade": false,
			"rotation": {"angle": 45, "axis": "z", "origin": [8, 9, 8]},
			"faces": {
				"north": {"uv": [0, 0, 0, 0], "rotation": 180, "texture": "null"},
				"east": {"uv": [0, 0, 0, 0], "texture": "null"},
				"south": {"uv": [0, 0, 0, 0], "rotation": 180, "texture": "null"},
				"west": {"uv": [0, 0, 0, 0], "texture": "null"},
				"up": {"uv": [0, 0, 16, 16], "rotation": 90, "texture": "#main", "tintindex": -1},
				"down": {"uv": [0, 16, 16, 0], "rotation": 270, "texture": "#main", "tintindex": -1}
			}
		},
		{
			"from": [-4, 10, -6],
			"to": [18, 10, 16],
			"shade": false,
			"rotation": {"angle": 45, "axis": "x", "origin": [8, 9, 8]},
			"faces": {
				"north": {"uv": [0, 0, 0, 0], "texture": "null"},
				"east": {"uv": [0, 0, 0, 0], "rotation": 180, "texture": "null"},
				"south": {"uv": [0, 0, 0, 0], "texture": "null"},
				"west": {"uv": [0, 0, 0, 0], "rotation": 180, "texture": "null"},
				"up": {"uv": [0, 0, 16, 16], "texture": "#main", "tintindex": -1},
				"down": {"uv": [0, 16, 16, 0], "texture": "#main", "tintindex": -1}
			}
		},
		{
			"from": [-6, 10, -2],
			"to": [16, 10, 20],
			"rotation": {"angle": -45, "axis": "z", "origin": [8, 9, 8]},
			"faces": {
				"north": {"uv": [0, 0, 0, 0], "rotation": 180, "texture": "null"},
				"east": {"uv": [0, 0, 0, 0], "texture": "null"},
				"south": {"uv": [0, 0, 0, 0], "rotation": 180, "texture": "null"},
				"west": {"uv": [0, 0, 0, 0], "texture": "null"},
				"up": {"uv": [0, 0, 16, 16], "rotation": 270, "texture": "#main", "tintindex": -1},
				"down": {"uv": [0, 16, 16, 0], "rotation": 90, "texture": "#main", "tintindex": -1}
			}
		},
		{
			"from": [-2, 10, 0],
			"to": [20, 10, 22],
			"shade": false,
			"rotation": {"angle": -45, "axis": "x", "origin": [8, 9, 8]},
			"faces": {
				"north": {"uv": [0, 0, 0, 0], "texture": "null"},
				"east": {"uv": [0, 0, 0, 0], "texture": "null"},
				"south": {"uv": [0, 0, 0, 0], "texture": "null"},
				"west": {"uv": [0, 0, 0, 0], "texture": "null"},
				"up": {"uv": [0, 0, 16, 16], "rotation": 180, "texture": "#main", "tintindex": -1},
				"down": {"uv": [0, 16, 16, 0], "rotation": 180, "texture": "#main", "tintindex": -1}
			}
		}
	],
	"display": {
		"thirdperson_righthand": {
			"scale": [0.5, 0.5, 0.5]
		},
		"thirdperson_lefthand": {
			"scale": [0.5, 0.5, 0.5]
		},
		"firstperson_righthand": {
			"scale": [0.5, 0.5, 0.5]
		},
		"firstperson_lefthand": {
			"scale": [0.5, 0.5, 0.5]
		}
	}
}