{
	"credit": "Made with Blockbench",
	"parent": "block/crop",
	"textures": {
		"crop": "blocks/wheat_stage_7"
	},
	"elements": [
		{
			"from": [0, -1.2, 13],
			"to": [16, 14.8, 13],
			"faces": {
				"north": {"uv": [0, 0, 16, 16], "texture": "#crop"},
				"east": {"uv": [0, 0, 0, 0.125], "texture": "#crop"},
				"south": {"uv": [0, 0, 16, 16], "texture": "#crop"},
				"west": {"uv": [0, 0, 0, 0.125], "texture": "#crop"},
				"up": {"uv": [0, 0, 0.125, 0], "texture": "#crop"},
				"down": {"uv": [0, 0, 0.125, 0], "texture": "#crop"}
			}
		},
		{
			"from": [0, -1.2, 3],
			"to": [16, 14.8, 3],
			"faces": {
				"north": {"uv": [0, 0, 16, 16], "texture": "#crop"},
				"east": {"uv": [0, 0, 0, 0.125], "texture": "#crop"},
				"south": {"uv": [0, 0, 16, 16], "texture": "#crop"},
				"west": {"uv": [0, 0, 0, 0.125], "texture": "#crop"},
				"up": {"uv": [0, 0, 0.125, 0], "texture": "#crop"},
				"down": {"uv": [0, 0, 0.125, 0], "texture": "#crop"}
			}
		},
		{
			"from": [3, -1.2, 1],
			"to": [3, 14.8, 17],
			"rotation": {"angle": 0, "axis": "y", "origin": [3, 6.8, 9]},
			"faces": {
				"north": {"uv": [0, 0, 0, 0.125], "texture": "#crop"},
				"east": {"uv": [0, 0, 16, 16], "texture": "#crop"},
				"south": {"uv": [0, 0, 0, 0.125], "texture": "#crop"},
				"west": {"uv": [0, 0, 16, 16], "texture": "#crop"},
				"up": {"uv": [0, 0, 0.125, 0], "texture": "#crop", "rotation": 90},
				"down": {"uv": [0, 0, 0.125, 0], "texture": "#crop", "rotation": 270}
			}
		},
		{
			"from": [13, -1.2, 1],
			"to": [13, 14.8, 17],
			"rotation": {"angle": 0, "axis": "y", "origin": [13, 6.8, 9]},
			"faces": {
				"north": {"uv": [0, 0, 0, 0.125], "texture": "#crop"},
				"east": {"uv": [0, 0, 16, 16], "texture": "#crop"},
				"south": {"uv": [0, 0, 0, 0.125], "texture": "#crop"},
				"west": {"uv": [0, 0, 16, 16], "texture": "#crop"},
				"up": {"uv": [0, 0, 0.125, 0], "texture": "#crop", "rotation": 90},
				"down": {"uv": [0, 0, 0.125, 0], "texture": "#crop", "rotation": 270}
			}
		},
		{
			"from": [6, -1.2, 3],
			"to": [6, 14.8, 19],
			"rotation": {"angle": 45, "axis": "y", "origin": [6, 6.8, 11]},
			"faces": {
				"north": {"uv": [0, 0, 0, 0.125], "texture": "#crop"},
				"east": {"uv": [0, 0, 16, 16], "texture": "#crop"},
				"south": {"uv": [0, 0, 0, 0.125], "texture": "#crop"},
				"west": {"uv": [0, 0, 16, 16], "texture": "#crop"},
				"up": {"uv": [0, 0, 0.125, 0], "texture": "#crop", "rotation": 90},
				"down": {"uv": [0, 0, 0.125, 0], "texture": "#crop", "rotation": 270}
			}
		},
		{
			"from": [10, -1.2, 0],
			"to": [10, 14.8, 16],
			"rotation": {"angle": 22.5, "axis": "y", "origin": [10, 6.8, 8]},
			"faces": {
				"north": {"uv": [0, 0, 0, 0.125], "texture": "#crop"},
				"east": {"uv": [0, 0, 16, 16], "texture": "#crop"},
				"south": {"uv": [0, 0, 0, 0.125], "texture": "#crop"},
				"west": {"uv": [0, 0, 16, 16], "texture": "#crop"},
				"up": {"uv": [0, 0, 0.125, 0], "texture": "#crop", "rotation": 90},
				"down": {"uv": [0, 0, 0.125, 0], "texture": "#crop", "rotation": 270}
			}
		},
		{
			"from": [6, -1.2, -3],
			"to": [6, 14.8, 13],
			"rotation": {"angle": -45, "axis": "y", "origin": [6, 6.8, 5]},
			"faces": {
				"north": {"uv": [0, 0, 0, 0.125], "texture": "#crop"},
				"east": {"uv": [0, 0, 16, 16], "texture": "#crop"},
				"south": {"uv": [0, 0, 0, 0.125], "texture": "#crop"},
				"west": {"uv": [0, 0, 16, 16], "texture": "#crop"},
				"up": {"uv": [0, 0, 0.125, 0], "texture": "#crop", "rotation": 90},
				"down": {"uv": [0, 0, 0.125, 0], "texture": "#crop", "rotation": 270}
			}
		},
		{
			"from": [9, -1.2, 3],
			"to": [9, 14.8, 19],
			"rotation": {"angle": -45, "axis": "y", "origin": [9, 6.8, 11]},
			"faces": {
				"north": {"uv": [0, 0, 0, 0.125], "texture": "#crop"},
				"east": {"uv": [0, 0, 16, 16], "texture": "#crop"},
				"south": {"uv": [0, 0, 0, 0.125], "texture": "#crop"},
				"west": {"uv": [0, 0, 16, 16], "texture": "#crop"},
				"up": {"uv": [0, 0, 0.125, 0], "texture": "#crop", "rotation": 90},
				"down": {"uv": [0, 0, 0.125, 0], "texture": "#crop", "rotation": 270}
			}
		},
		{
			"from": [6, -1.2, 3],
			"to": [6, 14.8, 19],
			"rotation": {"angle": -45, "axis": "y", "origin": [6, 6.8, 11]},
			"faces": {
				"north": {"uv": [0, 0, 0, 0.125], "texture": "#crop"},
				"east": {"uv": [0, 0, 16, 16], "texture": "#crop"},
				"south": {"uv": [0, 0, 0, 0.125], "texture": "#crop"},
				"west": {"uv": [0, 0, 16, 16], "texture": "#crop"},
				"up": {"uv": [0, 0, 0.125, 0], "texture": "#crop", "rotation": 90},
				"down": {"uv": [0, 0, 0.125, 0], "texture": "#crop", "rotation": 270}
			}
		},
		{
			"from": [10, -1.2, 0],
			"to": [10, 14.8, 16],
			"rotation": {"angle": 0, "axis": "y", "origin": [10, 6.8, 8]},
			"faces": {
				"north": {"uv": [0, 0, 0, 0.125], "texture": "#crop"},
				"east": {"uv": [0, 0, 16, 16], "texture": "#crop"},
				"south": {"uv": [0, 0, 0, 0.125], "texture": "#crop"},
				"west": {"uv": [0, 0, 16, 16], "texture": "#crop"},
				"up": {"uv": [0, 0, 0.125, 0], "texture": "#crop", "rotation": 90},
				"down": {"uv": [0, 0, 0.125, 0], "texture": "#crop", "rotation": 270}
			}
		},
		{
			"from": [-1, -1.2, 8],
			"to": [15, 14.8, 8],
			"rotation": {"angle": -22.5, "axis": "y", "origin": [7, 6.8, 8]},
			"faces": {
				"north": {"uv": [0, 0, 16, 16], "texture": "#crop"},
				"east": {"uv": [0, 0, 0, 0.125], "texture": "#crop"},
				"south": {"uv": [0, 0, 16, 16], "texture": "#crop"},
				"west": {"uv": [0, 0, 0, 0.125], "texture": "#crop"},
				"up": {"uv": [0, 0, 0.125, 0], "texture": "#crop", "rotation": 180},
				"down": {"uv": [0, 0, 0.125, 0], "texture": "#crop", "rotation": 180}
			}
		},
		{
			"from": [-2, -1.2, 5],
			"to": [14, 14.8, 5],
			"rotation": {"angle": 22.5, "axis": "y", "origin": [6, 6.8, 5]},
			"faces": {
				"north": {"uv": [0, 0, 16, 16], "texture": "#crop"},
				"east": {"uv": [0, 0, 0, 0.125], "texture": "#crop"},
				"south": {"uv": [0, 0, 16, 16], "texture": "#crop"},
				"west": {"uv": [0, 0, 0, 0.125], "texture": "#crop"},
				"up": {"uv": [0, 0, 0.125, 0], "texture": "#crop", "rotation": 180},
				"down": {"uv": [0, 0, 0.125, 0], "texture": "#crop", "rotation": 180}
			}
		}
	]
}