{
    "__comment": "JimStoneCraft - 2017",
    "variants": {
        "half=lower": { "model": "double_grass_bottom" },
        "half=upper": [
            { "model": "double_grass_top", "weight": 10 },
            { "model": "double_grass_top1", "weight": 20 },
            { "model": "double_grass_top2", "weight": 20 },
            { "model": "double_grass_top3", "weight": 20 },
            { "model": "double_grass_top4", "weight": 10 },
            { "model": "double_grass_top5", "weight": 10 },
            { "model": "double_grass_top6", "weight": 10 }
        ]
    }
}
