{
    "__comment": "Model generated using MrCrayfish's Model Creator (http://mrcrayfish.com/modelcreator/)",
"ambientocclusion": false,
    "textures": {
        "particle": "blocks/hopper_outside",
        "0": "blocks/hopper_outside",
        "1": "blocks/stonebrick"
    },
    "elements": [
        {
            "name": "Base",
            "from": [ 4.0, 4.0, 4.0 ], 
            "to": [ 12.0, 12.0, 12.0 ], 
            "faces": {
                "north": { "texture": "#0", "uv": [ 4.0, 6.0, 12.0, 12.0 ] },
                "east": { "texture": "#0", "uv": [ 4.0, 6.0, 12.0, 12.0 ] },
                "south": { "texture": "#0", "uv": [ 4.0, 6.0, 12.0, 12.0 ] },
                "west": { "texture": "#0", "uv": [ 4.0, 6.0, 12.0, 12.0 ] },
                "up": { "texture": "#0", "uv": [ 4.0, 4.0, 12.0, 12.0 ] },
                "down": { "texture": "#0", "uv": [ 4.0, 4.0, 12.0, 12.0 ] }
            }
        },
        {
            "name": "Nozzle",
            "from": [ 6.0, 6.0, 0.0 ], 
            "to": [ 10.0, 10.0, 4.0 ], 
            "faces": {
                "north": { "texture": "#1", "uv": [ 11.0, 11.0, 15.0, 15.0 ] },
                "east": { "texture": "#1", "uv": [ 5.0, 2.0, 9.0, 6.0 ] },
                "south": { "texture": "#1", "uv": [ 11.0, 11.0, 15.0, 15.0 ] },
                "west": { "texture": "#1", "uv": [ 5.0, 2.0, 9.0, 6.0 ] },
                "up": { "texture": "#1", "uv": [ 11.0, 11.0, 15.0, 15.0 ] },
                "down": { "texture": "#1", "uv": [ 11.0, 11.0, 15.0, 15.0 ] }
            }
        }
    ]
}