{
    "variants": {
        "variant=clover": [
            { "model": "biomesoplenty:clover" },
            { "model": "biomesoplenty:clover", "y": 90 },
            { "model": "biomesoplenty:clover", "y": 180 },
            { "model": "biomesoplenty:clover", "y": 270 }
        	],
        "variant=swampflower": { "model": "biomesoplenty:swampflower" },
        "variant=deathbloom": { "model": "biomesoplenty:deathbloom" },
        "variant=glowflower": { "model": "biomesoplenty:glowflower" },
        "variant=blue_hydrangea": { "model": "biomesoplenty:blue_hydrangea" },
        "variant=orange_cosmos": { "model": "biomesoplenty:orange_cosmos" },
        "variant=pink_daffodil": { "model": "biomesoplenty:pink_daffodil" },
        "variant=wildflower": { "model": "biomesoplenty:wildflower" },
        "variant=violet": { "model": "biomesoplenty:violet" },
        "variant=white_anemone": { "model": "biomesoplenty:white_anemone" },
        "variant=enderlotus": { "model": "biomesoplenty:enderlotus" },
        "variant=bromeliad": { "model": "biomesoplenty:bromeliad" },
        "variant=dandelion": { "model": "biomesoplenty:dandelion" },
        "variant=pink_hibiscus": { "model": "biomesoplenty:pink_hibiscus" },
        "variant=lily_of_the_valley": { "model": "biomesoplenty:lily_of_the_valley" },
        "variant=burning_blossom": { "model": "biomesoplenty:burning_blossom" }
    }
}
