{
    "variants": {
        "variant=dunegrass": { "model": "biomesoplenty:dunegrass" },
        "variant=spectralfern": { "model": "biomesoplenty:spectralfern" },
        "variant=thorn": { "model": "biomesoplenty:thorn" },
        "variant=wildrice": { "model": "biomesoplenty:wildrice" },
        "variant=cattail": { "model": "biomesoplenty:cattail" },
        "variant=rivercane": { "model": "biomesoplenty:rivercane", "y": 90 },
        "variant=tinycactus": [{ "model": "biomesoplenty:tinycactus" }, { "model": "biomesoplenty:tinycactusalt" }],
        "variant=witherwart": { "model": "biomesoplenty:witherwart" },
        "variant=reed": { "model": "biomesoplenty:reed" },
        "variant=root": { "model": "biomesoplenty:root" },
		"variant=rafflesia": { "model": "biomesoplenty:rafflesia" }
    }
}