{
    "variants": {
        "axis=y":  [
        	{ "model": "wood/dark_oak_log_1", "weight": 1      },
        	{ "model": "wood/dark_oak_log_2", "weight": 1      },
        	{ "model": "wood/dark_oak_log_3", "weight": 1      }
        	],
        "axis=z":   [
        	{ "model": "wood/dark_oak_log_side_z1", "weight": 1       },
        	{ "model": "wood/dark_oak_log_side_z2", "weight": 1       },
        	{ "model": "wood/dark_oak_log_side_z3", "weight": 1       }
        	],
        "axis=x":   [
        	{ "model": "wood/dark_oak_log_side_x1", "weight": 1    },
        	{ "model": "wood/dark_oak_log_side_x2", "weight": 1    },
        	{ "model": "wood/dark_oak_log_side_x3", "weight": 1    }
        	],
        "axis=none": [
        	{ "model": "wood/dark_oak_bark_1", "weight": 1       },
        	{ "model": "wood/dark_oak_bark_2", "weight": 1       },
        	{ "model": "wood/dark_oak_bark_3", "weight": 1       }
        	]
    }
}
