{
    "variants": {
        "half=lower": [
            { "model": "plants/double_grass_bottom_1" },
            { "model": "plants/double_grass_bottom_1", "y": 90 },
            { "model": "plants/double_grass_bottom_1", "y": 180 },
            { "model": "plants/double_grass_bottom_1", "y": 270 },
            
            { "model": "plants/double_grass_bottom_2" },
            { "model": "plants/double_grass_bottom_2", "y": 90 },
            { "model": "plants/double_grass_bottom_2", "y": 180 },
            { "model": "plants/double_grass_bottom_2", "y": 270 },
            
            { "model": "plants/double_grass_bottom_3" },
            { "model": "plants/double_grass_bottom_3", "y": 90 },
            { "model": "plants/double_grass_bottom_3", "y": 180 },
            { "model": "plants/double_grass_bottom_3", "y": 270 },
            
            { "model": "plants/double_grass_bottom_4" },
            { "model": "plants/double_grass_bottom_4", "y": 90 },
            { "model": "plants/double_grass_bottom_4", "y": 180 },
            { "model": "plants/double_grass_bottom_4", "y": 270 }
        ],
        
        "half=upper":    [
            { "model": "plants/double_grass_top_1" },
            { "model": "plants/double_grass_top_1", "y": 90 },
            { "model": "plants/double_grass_top_1", "y": 180 },
            { "model": "plants/double_grass_top_1", "y": 270 },
            
            { "model": "plants/double_grass_top_2" },
            { "model": "plants/double_grass_top_2", "y": 90 },
            { "model": "plants/double_grass_top_2", "y": 180 },
            { "model": "plants/double_grass_top_2", "y": 270 },
            
            { "model": "plants/double_grass_top_3" },
            { "model": "plants/double_grass_top_3", "y": 90 },
            { "model": "plants/double_grass_top_3", "y": 180 },
            { "model": "plants/double_grass_top_3", "y": 270 }
        ]
    }
}
