{
    "variants": {
        "contents=empty":            [
        								{ "model": "flower_pot/flower_pot" },
        								{ "model": "flower_pot/flower_pot", "y": 90  }
        							],
        "contents=rose":            [
        								{ "model": "flower_pot/poppy_1" },
        								{ "model": "flower_pot/poppy_2" },
        								{ "model": "flower_pot/poppy_3" },
        								{ "model": "flower_pot/poppy_4" },
        								{ "model": "flower_pot/poppy_1", "y": 90 },
        								{ "model": "flower_pot/poppy_2", "y": 90 },
        								{ "model": "flower_pot/poppy_3", "y": 90 },
        								{ "model": "flower_pot/poppy_4", "y": 90 }
        							],
        "contents=blue_orchid":     [
        								{ "model": "flower_pot/orchid_1"  },
        								{ "model": "flower_pot/orchid_1", "y": 90  },
        								{ "model": "flower_pot/orchid_1", "y": 180 },
        								{ "model": "flower_pot/orchid_1", "y": 270 },
        								{ "model": "flower_pot/orchid_2"  },
        								{ "model": "flower_pot/orchid_2", "y": 90  },
        								{ "model": "flower_pot/orchid_2", "y": 180 },
        								{ "model": "flower_pot/orchid_2", "y": 270 },
        								{ "model": "flower_pot/orchid_3"  },
        								{ "model": "flower_pot/orchid_3", "y": 90  },
        								{ "model": "flower_pot/orchid_3", "y": 180 },
        								{ "model": "flower_pot/orchid_3", "y": 270 },
        								{ "model": "flower_pot/orchid_4"  },
        								{ "model": "flower_pot/orchid_4", "y": 90  },
        								{ "model": "flower_pot/orchid_4", "y": 180 },
        								{ "model": "flower_pot/orchid_4", "y": 270 }
        							],
        
        "contents=allium":           { "model": "flower_pot_allium" },
        "contents=houstonia":        { "model": "flower_pot_houstonia" },
        "contents=red_tulip":        { "model": "flower_pot_tulip_red" },
        "contents=orange_tulip":     { "model": "flower_pot_tulip_orange" },
        "contents=white_tulip":      { "model": "flower_pot_tulip_white" },
        "contents=pink_tulip":       { "model": "flower_pot_tulip_pink" },
        "contents=oxeye_daisy":     [
        								{ "model": "flower_pot/daisy_1"  },
        								{ "model": "flower_pot/daisy_1", "y": 90  },
        								{ "model": "flower_pot/daisy_1", "y": 180 },
        								{ "model": "flower_pot/daisy_1", "y": 270 },
        								{ "model": "flower_pot/daisy_2"  },
        								{ "model": "flower_pot/daisy_2", "y": 90  },
        								{ "model": "flower_pot/daisy_2", "y": 180 },
        								{ "model": "flower_pot/daisy_2", "y": 270 },
        								{ "model": "flower_pot/daisy_3"  },
        								{ "model": "flower_pot/daisy_3", "y": 90  },
        								{ "model": "flower_pot/daisy_3", "y": 180 },
        								{ "model": "flower_pot/daisy_3", "y": 270 },
        								{ "model": "flower_pot/daisy_4"  },
        								{ "model": "flower_pot/daisy_4", "y": 90  },
        								{ "model": "flower_pot/daisy_4", "y": 180 },
        								{ "model": "flower_pot/daisy_4", "y": 270 }
        							],
        "contents=dandelion":        [
        								{ "model": "flower_pot/dandelion_1"   },
        								{ "model": "flower_pot/dandelion_1", "y": 90  },
        								{ "model": "flower_pot/dandelion_2"  },
        								{ "model": "flower_pot/dandelion_2", "y": 90  },
        								{ "model": "flower_pot/dandelion_3", "y": 180 },
        								{ "model": "flower_pot/dandelion_3", "y": 270 }
        							],
        "contents=oak_sapling":      { "model": "flower_pot_oak" },
        "contents=spruce_sapling":   { "model": "flower_pot_spruce" },
        "contents=birch_sapling":    { "model": "flower_pot_birch" },
        "contents=jungle_sapling":   { "model": "flower_pot_jungle" },
        "contents=acacia_sapling":   { "model": "flower_pot_acacia" },
        "contents=dark_oak_sapling": { "model": "flower_pot_dark_oak" },
        "contents=mushroom_red":     [
        								{ "model": "flower_pot/mushroom_red_1"  },
        								{ "model": "flower_pot/mushroom_red_1", "y": 90  },
        								{ "model": "flower_pot/mushroom_red_1", "y": 180 },
        								{ "model": "flower_pot/mushroom_red_1", "y": 270 },
        								{ "model": "flower_pot/mushroom_red_2"  },
        								{ "model": "flower_pot/mushroom_red_2", "y": 90  },
        								{ "model": "flower_pot/mushroom_red_2", "y": 180 },
        								{ "model": "flower_pot/mushroom_red_2", "y": 270 },
        								{ "model": "flower_pot/mushroom_red_3"  },
        								{ "model": "flower_pot/mushroom_red_3", "y": 90  },
        								{ "model": "flower_pot/mushroom_red_3", "y": 180 },
        								{ "model": "flower_pot/mushroom_red_3", "y": 270 }
        							],
        "contents=mushroom_brown":   [
        								{ "model": "flower_pot/mushroom_brown_1" },
        								{ "model": "flower_pot/mushroom_brown_1", "y": 90  },
        								{ "model": "flower_pot/mushroom_brown_2" },
        								{ "model": "flower_pot/mushroom_brown_2", "y": 90  },
        								{ "model": "flower_pot/mushroom_brown_3" },
        								{ "model": "flower_pot/mushroom_brown_3", "y": 90  }
        							],
        "contents=dead_bush":        [
        								{ "model": "flower_pot/dead_bush_1" },
        								{ "model": "flower_pot/dead_bush_2" },
        								{ "model": "flower_pot/dead_bush_3" },
        								{ "model": "flower_pot/dead_bush_4" },
        								{ "model": "flower_pot/dead_bush_1", "y": 90 },
        								{ "model": "flower_pot/dead_bush_2", "y": 90 },
        								{ "model": "flower_pot/dead_bush_3", "y": 90 },
        								{ "model": "flower_pot/dead_bush_4", "y": 90 }
        							],
        "contents=fern":             [
        								{ "model": "flower_pot/fern" },
        								{ "model": "flower_pot/fern", "y": 90  },
        								{ "model": "flower_pot/fern", "y": 180  },
        								{ "model": "flower_pot/fern", "y": 270  }
        							],
        "contents=cactus":           [
        								{ "model": "flower_pot/cactus_1" },
        								{ "model": "flower_pot/cactus_2" },
        								{ "model": "flower_pot/cactus_3" },
        								{ "model": "flower_pot/cactus_4" },
        								{ "model": "flower_pot/cactus_5" },
        								{ "model": "flower_pot/cactus_1", "y": 90 },
        								{ "model": "flower_pot/cactus_2", "y": 90 },
        								{ "model": "flower_pot/cactus_3", "y": 90 },
        								{ "model": "flower_pot/cactus_4", "y": 90 },
        								{ "model": "flower_pot/cactus_5", "y": 90 }
        							]
    }
}
